v-sweep,v(vout),i(vout),v(v1),v(v2)
0,1,-0.000000473485173,0,0.5
0.001,1,-0.000000473479716,0.001,0.5
0.002,1,-0.000000473479737,0.002,0.5
0.003,1,-0.00000047347968,0.003,0.5
0.004,1,-0.000000473479652,0.004,0.5
0.005,1,-0.000000473479602,0.005,0.5
0.006,1,-0.000000473479581,0.006,0.5
0.007,1,-0.000000473479545,0.007,0.5
0.008,1,-0.00000047347951,0.008,0.5
0.009,1,-0.000000473479474,0.009,0.5
0.01,1,-0.000000473479432,0.01,0.5
0.011,1,-0.000000473479361,0.011,0.5
0.012,1,-0.000000473479346,0.012,0.5
0.013,1,-0.000000473479318,0.013,0.5
0.014,1,-0.000000473479247,0.014,0.5
0.015,1,-0.000000473479204,0.015,0.5
0.016,1,-0.000000473479133,0.016,0.5
0.017,1,-0.000000473479119,0.017,0.5
0.018,1,-0.000000473479076,0.018,0.5
0.019,1,-0.000000473479012,0.019,0.5
0.02,1,-0.000000473478977,0.02,0.5
0.021,1,-0.00000047347892,0.021,0.5
0.022,1,-0.000000473478856,0.022,0.5
0.023,1,-0.000000473478842,0.023,0.5
0.024,1,-0.000000473478785,0.024,0.5
0.025,1,-0.000000473478693,0.025,0.5
0.026,1,-0.000000473478586,0.026,0.5
0.027,1,-0.000000473478572,0.027,0.5
0.028,1,-0.000000473478515,0.028,0.5
0.029,1,-0.000000473478472,0.029,0.5
0.03,1,-0.000000473478401,0.03,0.5
0.031,1,-0.000000473478288,0.031,0.5
0.032,1,-0.000000473478245,0.032,0.5
0.033,1,-0.000000473478217,0.033,0.5
0.034,1,-0.000000473478067,0.034,0.5
0.035,1,-0.000000473478082,0.035,0.5
0.036,1,-0.00000047347794,0.036,0.5
0.037,1,-0.000000473477897,0.037,0.5
0.038,1,-0.000000473477741,0.038,0.5
0.039,1,-0.000000473477726,0.039,0.5
0.04,1,-0.00000047347762,0.04,0.5
0.041,1,-0.000000473477513,0.041,0.5
0.042,1,-0.000000473477414,0.042,0.5
0.043,1,-0.000000473477336,0.043,0.5
0.044,1,-0.00000047347725,0.044,0.5
0.045,1,-0.000000473477144,0.045,0.5
0.046,1,-0.000000473477037,0.046,0.5
0.047,1,-0.000000473476945,0.047,0.5
0.048,1,-0.000000473476824,0.048,0.5
0.049,1,-0.000000473476682,0.049,0.5
0.05,1,-0.000000473476625,0.05,0.5
0.051,1,-0.000000473476497,0.051,0.5
0.052,1,-0.000000473476412,0.052,0.5
0.053,1,-0.000000473476248,0.053,0.5
0.054,1,-0.000000473476099,0.054,0.5
0.055,1,-0.000000473476,0.055,0.5
0.056,1,-0.000000473475843,0.056,0.5
0.057,1,-0.000000473475723,0.057,0.5
0.058,1,-0.000000473475573,0.058,0.5
0.059,1,-0.000000473475431,0.059,0.5
0.06,1,-0.000000473475232,0.06,0.5
0.061,1,-0.000000473475119,0.061,0.5
0.062,1,-0.000000473474991,0.062,0.5
0.063,1,-0.000000473474792,0.063,0.5
0.064,1,-0.000000473474643,0.064,0.5
0.065,1,-0.0000004734745,0.065,0.5
0.066,1,-0.000000473474266,0.066,0.5
0.067,1,-0.000000473474124,0.067,0.5
0.068,1,-0.000000473473968,0.068,0.5
0.069,1,-0.000000473473797,0.069,0.5
0.07,1,-0.000000473473548,0.07,0.5
0.071,1,-0.000000473473328,0.071,0.5
0.072,1,-0.000000473473179,0.072,0.5
0.073,1,-0.00000047347293,0.073,0.5
0.074,1,-0.000000473472781,0.074,0.5
0.075,1,-0.000000473472547,0.075,0.5
0.076,1,-0.000000473472284,0.076,0.5
0.077,1,-0.000000473472042,0.077,0.5
0.078,1,-0.000000473471815,0.078,0.5
0.079,1,-0.00000047347153,0.079,0.5
0.08,1,-0.000000473471296,0.08,0.5
0.081,1,-0.000000473471012,0.081,0.5
0.082,1,-0.000000473470806,0.082,0.5
0.083,1,-0.0000004734705,0.083,0.5
0.084,1,-0.000000473470216,0.084,0.5
0.085,1,-0.000000473469953,0.085,0.5
0.086,1,-0.000000473469647,0.086,0.5
0.087,1,-0.000000473469306,0.087,0.5
0.088,1,-0.000000473469008,0.088,0.5
0.089,1,-0.00000047346866,0.089,0.5
0.09,1,-0.000000473468376,0.09,0.5
0.091,1,-0.000000473468027,0.091,0.5
0.092,1,-0.000000473467665,0.092,0.5
0.093,1,-0.00000047346731,0.093,0.5
0.094,1,-0.000000473466891,0.094,0.5
0.095,1,-0.000000473466571,0.095,0.5
0.096,1,-0.000000473466123,0.096,0.5
0.097,1,-0.00000047346574,0.097,0.5
0.098,1,-0.000000473465356,0.098,0.5
0.099,1,-0.000000473464937,0.099,0.5
0.1,1,-0.000000473464517,0.1,0.5
0.101,1,-0.000000473464048,0.101,0.5
0.102,1,-0.000000473463608,0.102,0.5
0.103,1,-0.000000473463118,0.103,0.5
0.104,1,-0.000000473462634,0.104,0.5
0.105,1,-0.000000473462144,0.105,0.5
0.106,1,-0.000000473461618,0.106,0.5
0.107,1,-0.0000004734611,0.107,0.5
0.108,1,-0.000000473460545,0.108,0.5
0.109,1,-0.000000473459977,0.109,0.5
0.11,1,-0.000000473459444,0.11,0.5
0.111,1,-0.000000473458883,0.111,0.5
0.112,1,-0.000000473458243,0.112,0.5
0.113,1,-0.000000473457625,0.113,0.5
0.114,1,-0.000000473457021,0.114,0.5
0.115,1,-0.000000473456339,0.115,0.5
0.116,1,-0.000000473455664,0.116,0.5
0.117,1,-0.000000473455003,0.117,0.5
0.118,1,-0.000000473454321,0.118,0.5
0.119,1,-0.000000473453539,0.119,0.5
0.12,1,-0.000000473452822,0.12,0.5
0.121,1,-0.000000473452033,0.121,0.5
0.122,1,-0.000000473451266,0.122,0.5
0.123,1,-0.000000473450442,0.123,0.5
0.124,1,-0.000000473449646,0.124,0.5
0.125,1,-0.000000473448758,0.125,0.5
0.126,1,-0.000000473447862,0.126,0.5
0.127,1,-0.000000473446981,0.127,0.5
0.128,1,-0.000000473446057,0.128,0.5
0.129,1,-0.00000047344512,0.129,0.5
0.13,1,-0.000000473444153,0.13,0.5
0.131,1,-0.000000473443158,0.131,0.5
0.132,1,-0.000000473442128,0.132,0.5
0.133,1,-0.000000473441055,0.133,0.5
0.134,1,-0.000000473439989,0.134,0.5
0.135,1,-0.000000473438881,0.135,0.5
0.136,1,-0.000000473437687,0.136,0.5
0.137,1,-0.000000473436515,0.137,0.5
0.138,1,-0.000000473435328,0.138,0.5
0.139,1,-0.000000473434106,0.139,0.5
0.14,1,-0.000000473432799,0.14,0.5
0.141,1,-0.000000473431477,0.141,0.5
0.142,1,-0.000000473430127,0.142,0.5
0.143,1,-0.00000047342877,0.143,0.5
0.144,1,-0.000000473427363,0.144,0.5
0.145,1,-0.000000473425885,0.145,0.5
0.146,1,-0.000000473424436,0.146,0.5
0.147,1,-0.000000473422823,0.147,0.5
0.148,1,-0.000000473421274,0.148,0.5
0.149,1,-0.000000473419661,0.149,0.5
0.15,1,-0.000000473418019,0.15,0.5
0.151,1,-0.000000473416286,0.151,0.5
0.152,1,-0.000000473414516,0.152,0.5
0.153,1,-0.000000473412662,0.153,0.5
0.154,1,-0.000000473410829,0.154,0.5
0.155,1,-0.000000473408903,0.155,0.5
0.156,1,-0.000000473406985,0.156,0.5
0.157,1,-0.000000473404931,0.157,0.5
0.158,1,-0.000000473402885,0.158,0.5
0.159,1,-0.000000473400796,0.159,0.5
0.16,1,-0.000000473398593,0.16,0.5
0.161,1,-0.000000473396348,0.161,0.5
0.162,1,-0.000000473394024,0.162,0.5
0.163,1,-0.000000473391651,0.163,0.5
0.164,1,-0.000000473389264,0.164,0.5
0.165,1,-0.000000473386763,0.165,0.5
0.166,1,-0.000000473384176,0.166,0.5
0.167,1,-0.000000473381505,0.167,0.5
0.168,1,-0.000000473378812,0.168,0.5
0.169,1,-0.000000473376069,0.169,0.5
0.17,1,-0.000000473373198,0.17,0.5
0.171,1,-0.000000473370271,0.171,0.5
0.172,1,-0.000000473367216,0.172,0.5
0.173,1,-0.000000473364146,0.173,0.5
0.174,1,-0.000000473360977,0.174,0.5
0.175,1,-0.000000473357701,0.175,0.5
0.176,1,-0.000000473354334,0.176,0.5
0.177,1,-0.000000473350866,0.177,0.5
0.178,1,-0.000000473347356,0.178,0.5
0.179,1,-0.000000473343725,0.179,0.5
0.18,1,-0.000000473340002,0.18,0.5
0.181,1,-0.000000473336144,0.181,0.5
0.182,1,-0.000000473332221,0.182,0.5
0.183,1,-0.000000473328157,0.183,0.5
0.184,1,-0.000000473324,0.184,0.5
0.185,1,-0.000000473319737,0.185,0.5
0.186,1,-0.000000473315353,0.186,0.5
0.187,1,-0.000000473310813,0.187,0.5
0.188,1,-0.000000473306216,0.188,0.5
0.189,1,-0.000000473301419,0.189,0.5
0.19,1,-0.000000473296566,0.19,0.5
0.191,1,-0.000000473291536,0.191,0.5
0.192,1,-0.000000473286399,0.192,0.5
0.193,1,-0.000000473281084,0.193,0.5
0.194,1,-0.000000473275676,0.194,0.5
0.195,1,-0.00000047327007,0.195,0.5
0.196,1,-0.000000473264301,0.196,0.5
0.197,1,-0.000000473258453,0.197,0.5
0.198,1,-0.000000473252385,0.198,0.5
0.199,1,-0.000000473246125,0.199,0.5
0.2,1,-0.000000473239744,0.2,0.5
0.201,1,-0.000000473233186,0.201,0.5
0.202,1,-0.000000473226486,0.202,0.5
0.203,1,-0.000000473219551,0.203,0.5
0.204,1,-0.00000047321241,0.204,0.5
0.205,1,-0.000000473205084,0.205,0.5
0.206,1,-0.000000473197638,0.206,0.5
0.207,1,-0.000000473189914,0.207,0.5
0.208,1,-0.000000473181963,0.208,0.5
0.209,1,-0.000000473173841,0.209,0.5
0.21,1,-0.000000473165528,0.21,0.5
0.211,1,-0.000000473156931,0.211,0.5
0.212,1,-0.000000473148113,0.212,0.5
0.213,1,-0.000000473138996,0.213,0.5
0.214,1,-0.000000473129738,0.214,0.5
0.215,1,-0.000000473120195,0.215,0.5
0.216,1,-0.000000473110433,0.216,0.5
0.217,1,-0.000000473100314,0.217,0.5
0.218,1,-0.00000047308999,0.218,0.5
0.219,1,-0.000000473079339,0.219,0.5
0.22,1,-0.000000473068425,0.22,0.5
0.221,1,-0.00000047305722,0.221,0.5
0.222,1,-0.000000473045667,0.222,0.5
0.223,1,-0.000000473033822,0.223,0.5
0.224,1,-0.000000473021693,0.224,0.5
0.225,1,-0.000000473009194,0.225,0.5
0.226,1,-0.000000472996383,0.226,0.5
0.227,1,-0.000000472983203,0.227,0.5
0.228,1,-0.000000472969688,0.228,0.5
0.229,1,-0.000000472955819,0.229,0.5
0.23,1,-0.000000472941508,0.23,0.5
0.231,1,-0.000000472926864,0.231,0.5
0.232,1,-0.00000047291185,0.232,0.5
0.233,1,-0.000000472896389,0.233,0.5
0.234,1,-0.000000472880458,0.234,0.5
0.235,1,-0.000000472864144,0.235,0.5
0.236,1,-0.000000472847354,0.236,0.5
0.237,1,-0.00000047283018,0.237,0.5
0.238,1,-0.000000472812516,0.238,0.5
0.239,1,-0.000000472794319,0.239,0.5
0.24,1,-0.000000472775689,0.24,0.5
0.241,1,-0.000000472756568,0.241,0.5
0.242,1,-0.000000472736907,0.242,0.5
0.243,1,-0.000000472716664,0.243,0.5
0.244,1,-0.00000047269593,0.244,0.5
0.245,1,-0.000000472674593,0.245,0.5
0.246,1,-0.000000472652701,0.246,0.5
0.247,1,-0.000000472630262,0.247,0.5
0.248,1,-0.000000472607148,0.248,0.5
0.249,1,-0.000000472583451,0.249,0.5
0.25,1,-0.00000047255908,0.25,0.5
0.251,1,-0.000000472534026,0.251,0.5
0.252,1,-0.00000047250839,0.252,0.5
0.253,1,-0.000000472481993,0.253,0.5
0.254,1,-0.000000472454872,0.254,0.5
0.255,1,-0.000000472427011,0.255,0.5
0.256,1,-0.000000472398426,0.256,0.5
0.257,1,-0.000000472369067,0.257,0.5
0.258,1,-0.000000472338932,0.258,0.5
0.259,1,-0.000000472307924,0.259,0.5
0.26,1,-0.000000472276135,0.26,0.5
0.261,1,-0.000000472243435,0.261,0.5
0.262,1,-0.000000472209919,0.262,0.5
0.263,1,-0.000000472175437,0.263,0.5
0.264,1,-0.000000472140073,0.264,0.5
0.265,1,-0.00000047210375,0.265,0.5
0.266,1,-0.000000472066397,0.266,0.5
0.267,1,-0.000000472028034,0.267,0.5
0.268,1,-0.000000471988706,0.268,0.5
0.269,1,-0.000000471948304,0.269,0.5
0.27,1,-0.000000471906823,0.27,0.5
0.271,1,-0.000000471864126,0.271,0.5
0.272,1,-0.000000471820378,0.272,0.5
0.273,1,-0.000000471775344,0.273,0.5
0.274,1,-0.00000047172923,0.274,0.5
0.275,1,-0.000000471681737,0.275,0.5
0.276,1,-0.000000471633072,0.276,0.5
0.277,1,-0.000000471583029,0.277,0.5
0.278,1,-0.00000047153172,0.278,0.5
0.279,1,-0.000000471478941,0.279,0.5
0.28,1,-0.000000471424762,0.28,0.5
0.281,1,-0.000000471369155,0.281,0.5
0.282,1,-0.000000471311999,0.282,0.5
0.283,1,-0.000000471253358,0.283,0.5
0.284,1,-0.000000471193125,0.284,0.5
0.285,1,-0.000000471131287,0.285,0.5
0.286,1,-0.000000471067736,0.286,0.5
0.287,1,-0.000000471002487,0.287,0.5
0.288,1,-0.000000470935483,0.288,0.5
0.289,1,-0.000000470866716,0.289,0.5
0.29,1,-0.000000470796074,0.29,0.5
0.291,1,-0.000000470723592,0.291,0.5
0.292,1,-0.000000470649063,0.292,0.5
0.293,1,-0.000000470572601,0.293,0.5
0.294,1,-0.000000470494079,0.294,0.5
0.295,1,-0.000000470413433,0.295,0.5
0.296,1,-0.000000470330647,0.296,0.5
0.297,1,-0.000000470245681,0.297,0.5
0.298,1,-0.000000470158312,0.298,0.5
0.299,1,-0.000000470068663,0.299,0.5
0.3,1,-0.000000469976634,0.3,0.5
0.301,1,-0.000000469882124,0.301,0.5
0.302,1,-0.000000469785078,0.302,0.5
0.303,1,-0.000000469685453,0.303,0.5
0.304,1,-0.000000469583149,0.304,0.5
0.305,1,-0.000000469478124,0.305,0.5
0.306,1,-0.000000469370228,0.306,0.5
0.307,1,-0.000000469259518,0.307,0.5
0.308,1,-0.000000469145789,0.308,0.5
0.309,1,-0.000000469029139,0.309,0.5
0.31,1,-0.000000468909263,0.31,0.5
0.311,1,-0.000000468786219,0.311,0.5
0.312,1,-0.000000468659856,0.312,0.5
0.313,1,-0.000000468530196,0.313,0.5
0.314,1,-0.000000468397005,0.314,0.5
0.315,1,-0.000000468260332,0.315,0.5
0.316,1,-0.000000468119943,0.316,0.5
0.317,1,-0.00000046797588,0.317,0.5
0.318,1,-0.000000467827874,0.318,0.5
0.319,1,-0.000000467676031,0.319,0.5
0.32,1,-0.000000467520117,0.32,0.5
0.321,1,-0.000000467360046,0.321,0.5
0.322,1,-0.000000467195768,0.322,0.5
0.323,1,-0.000000467027071,0.323,0.5
0.324,1,-0.000000466853884,0.324,0.5
0.325,1,-0.000000466676163,0.325,0.5
0.326,1,-0.000000466493681,0.326,0.5
0.327,1,-0.000000466306361,0.327,0.5
0.328,1,-0.000000466114066,0.328,0.5
0.329,1,-0.000000465916685,0.329,0.5
0.33,1,-0.000000465714074,0.33,0.5
0.331,1,-0.000000465506091,0.331,0.5
0.332,1,-0.000000465292608,0.332,0.5
0.333,1,-0.000000465073498,0.333,0.5
0.334,1,-0.000000464848618,0.334,0.5
0.335,1,-0.000000464617749,0.335,0.5
0.336,1,-0.000000464380733,0.336,0.5
0.337,1,-0.000000464137571,0.337,0.5
0.338,1,-0.000000463887957,0.338,0.5
0.339,1,-0.000000463631771,0.339,0.5
0.34,1,-0.000000463368849,0.34,0.5
0.341,1,-0.000000463098907,0.341,0.5
0.342,1,-0.000000462821951,0.342,0.5
0.343,1,-0.000000462537699,0.343,0.5
0.344,1,-0.000000462246,0.344,0.5
0.345,1,-0.000000461946634,0.345,0.5
0.346,1,-0.000000461639381,0.346,0.5
0.347,1,-0.000000461324063,0.347,0.5
0.348,1,-0.000000461000539,0.348,0.5
0.349,1,-0.000000460668488,0.349,0.5
0.35,1,-0.000000460327762,0.35,0.5
0.351,1,-0.000000459978104,0.351,0.5
0.352,1,-0.000000459619315,0.352,0.5
0.353,1,-0.00000045925119,0.353,0.5
0.354,1,-0.00000045887343,0.354,0.5
0.355,1,-0.00000045848585,0.355,0.5
0.356,1,-0.000000458088152,0.356,0.5
0.357,1,-0.000000457680109,0.357,0.5
0.358,1,-0.00000045726145,0.358,0.5
0.359,1,-0.000000456831927,0.359,0.5
0.36,1,-0.000000456391248,0.36,0.5
0.361,1,-0.00000045593913,0.361,0.5
0.362,1,-0.000000455475281,0.362,0.5
0.363,1,-0.000000454999437,0.363,0.5
0.364,1,-0.000000454511252,0.364,0.5
0.365,1,-0.000000454010504,0.365,0.5
0.366,1,-0.00000045349681,0.366,0.5
0.367,1,-0.000000452969836,0.367,0.5
0.368,1,-0.000000452429276,0.368,0.5
0.369,1,-0.000000451874818,0.369,0.5
0.37,1,-0.000000451306114,0.37,0.5
0.371,1,-0.00000045072278,0.371,0.5
0.372,1,-0.000000450124489,0.372,0.5
0.373,1,-0.000000449510885,0.373,0.5
0.374,1,-0.000000448881536,0.374,0.5
0.375,1,-0.000000448236094,0.375,0.5
0.376,1,-0.000000447574173,0.376,0.5
0.377,1,-0.000000446895406,0.377,0.5
0.378,1,-0.000000446199287,0.378,0.5
0.379,1,-0.000000445485476,0.379,0.5
0.38,1,-0.000000444753468,0.38,0.5
0.381,1,-0.000000444002929,0.381,0.5
0.382,1,-0.00000044323334,0.382,0.5
0.383,1,-0.000000442444332,0.383,0.5
0.384,1,-0.000000441635322,0.384,0.5
0.385,1,-0.000000440805898,0.385,0.5
0.386,1,-0.000000439955535,0.386,0.5
0.387,1,-0.000000439083777,0.387,0.5
0.388,1,-0.000000438190071,0.388,0.5
0.389,1,-0.000000437274004,0.389,0.5
0.39,1,-0.00000043633495,0.39,0.5
0.391,1,-0.000000435372385,0.391,0.5
0.392,1,-0.000000434385797,0.392,0.5
0.393,1,-0.000000433374559,0.393,0.5
0.394,1,-0.000000432338155,0.394,0.5
0.395,1,-0.000000431275978,0.395,0.5
0.396,1,-0.000000430187526,0.396,0.5
0.397,1,-0.00000042907201,0.397,0.5
0.398,1,-0.000000427928974,0.398,0.5
0.399,1,-0.000000426757715,0.399,0.5
0.4,1,-0.000000425557602,0.4,0.5
0.401,1,-0.000000424327986,0.401,0.5
0.402,1,-0.000000423068244,0.402,0.5
0.403,1,-0.000000421777578,0.403,0.5
0.404,1,-0.000000420455414,0.404,0.5
0.405,1,-0.00000041910095,0.405,0.5
0.406,1,-0.000000417713586,0.406,0.5
0.407,1,-0.000000416292536,0.407,0.5
0.408,1,-0.000000414836997,0.408,0.5
0.409,1,-0.000000413346285,0.409,0.5
0.41,1,-0.000000411819641,0.41,0.5
0.411,1,-0.000000410256227,0.411,0.5
0.412,1,-0.000000408655353,0.412,0.5
0.413,1,-0.000000407016074,0.413,0.5
0.414,1,-0.00000040533763,0.414,0.5
0.415,1,-0.000000403619261,0.415,0.5
0.416,1,-0.000000401859992,0.416,0.5
0.417,1,-0.000000400059072,0.417,0.5
0.418,1,-0.000000398215484,0.418,0.5
0.419,1,-0.000000396328574,0.419,0.5
0.42,1,-0.000000394397198,0.42,0.5
0.421,1,-0.000000392420581,0.421,0.5
0.422,1,-0.000000390397787,0.422,0.5
0.423,1,-0.000000388327848,0.423,0.5
0.424,1,-0.000000386209798,0.424,0.5
0.425,1,-0.000000384042764,0.425,0.5
0.426,1,-0.000000381825643,0.426,0.5
0.427,1,-0.000000379557456,0.427,0.5
0.428,1,-0.000000377237363,0.428,0.5
0.429,1,-0.000000374864214,0.429,0.5
0.43,1,-0.000000372436986,0.43,0.5
0.431,1,-0.000000369954648,0.431,0.5
0.432,1,-0.000000367416149,0.432,0.5
0.433,1,-0.000000364820508,0.433,0.5
0.434,1,-0.000000362166567,0.434,0.5
0.435,1,-0.000000359453239,0.435,0.5
0.436,1,-0.000000356679543,0.436,0.5
0.437,1,-0.00000035384425,0.437,0.5
0.438,1,-0.000000350946301,0.438,0.5
0.439,1,-0.000000347984589,0.439,0.5
0.44,1,-0.000000344957947,0.44,0.5
0.441,1,-0.000000341865324,0.441,0.5
0.442,1,-0.000000338705505,0.442,0.5
0.443,1,-0.000000335477324,0.443,0.5
0.444,1,-0.000000332179667,0.444,0.5
0.445,1,-0.000000328811311,0.445,0.5
0.446,1,-0.00000032537119,0.446,0.5
0.447,1,-0.000000321858074,0.447,0.5
0.448,1,-0.0000003182707,0.448,0.5
0.449,1,-0.000000314608094,0.449,0.5
0.45,1,-0.000000310868863,0.45,0.5
0.451,1,-0.000000307051941,0.451,0.5
0.452,1,-0.000000303156071,0.452,0.5
0.453,1,-0.000000299180236,0.453,0.5
0.454,1,-0.000000295122994,0.454,0.5
0.455,1,-0.000000290983365,0.455,0.5
0.456,1,-0.000000286760098,0.456,0.5
0.457,1,-0.000000282451978,0.457,0.5
0.458,1,-0.000000278057954,0.458,0.5
0.459,1,-0.000000273576731,0.459,0.5
0.46,1,-0.00000026900728,0.46,0.5
0.461,1,-0.000000264348301,0.461,0.5
0.462,1,-0.000000259598799,0.462,0.5
0.463,1,-0.000000254757516,0.463,0.5
0.464,1,-0.000000249823508,0.464,0.5
0.465,1,-0.000000244795537,0.465,0.5
0.466,1,-0.000000239672509,0.466,0.5
0.467,1,-0.000000234453445,0.467,0.5
0.468,1,-0.00000022913725,0.468,0.5
0.469,1,-0.000000223722829,0.469,0.5
0.47,1,-0.000000218209259,0.47,0.5
0.471,1,-0.000000212595602,0.471,0.5
0.472,1,-0.000000206880721,0.472,0.5
0.473,1,-0.000000201063749,0.473,0.5
0.474,1,-0.000000195143876,0.474,0.5
0.475,1,-0.000000189120115,0.475,0.5
0.476,1,-0.000000182991649,0.476,0.5
0.477,1,-0.000000176757567,0.477,0.5
0.478,1,-0.000000170417351,0.478,0.5
0.479,1,-0.000000163969872,0.479,0.5
0.48,1,-0.000000157414682,0.48,0.5
0.481,1,-0.000000150750992,0.481,0.5
0.482,1,-0.000000143978305,0.482,0.5
0.483,1,-0.000000137095945,0.483,0.5
0.484,1,-0.000000130103388,0.484,0.5
0.485,1,-0.000000123000085,0.485,0.5
0.486,1,-0.000000115785724,0.486,0.5
0.487,1,-0.000000108459865,0.487,0.5
0.488,1,-0.000000101022067,0.488,0.5
0.489,1,-0.0000000934721669,0.489,0.5
0.49,1,-0.0000000858099085,0.49,0.5
0.491,1,-0.000000078035157,0.491,0.5
0.492,1,-0.0000000701478271,0.492,0.5
0.493,1,-0.0000000621478193,0.493,0.5
0.494,1,-0.000000054035155,0.494,0.5
0.495,1,-0.0000000458099905,0.495,0.5
0.496,1,-0.0000000374724891,0.496,0.5
0.497,1,-0.0000000290229067,0.497,0.5
0.498,1,-0.0000000204614992,0.498,0.5
0.499,1,-0.0000000117886927,0.499,0.5
0.5,1,-3.00499892E-09,0.5,0.5
0.501,1,5.88908478E-09,0.501,0.5
0.502,1,0.0000000148929189,0.502,0.5
0.503,1,0.0000000240058569,0.503,0.5
0.504,1,0.0000000332269821,0.504,0.5
0.505,1,0.0000000425554063,0.505,0.5
0.506,1,0.0000000519902272,0.506,0.5
0.507,1,0.0000000615304003,0.507,0.5
0.508,1,0.0000000711747106,0.508,0.5
0.509,1,0.0000000809219642,0.509,0.5
0.51,1,0.0000000907706834,0.51,0.5
0.511,1,0.000000100719561,0.511,0.5
0.512,1,0.000000110767004,0.512,0.5
0.513,1,0.000000120911466,0.513,0.5
0.514,1,0.00000013115109,0.514,0.5
0.515,1,0.000000141484009,0.515,0.5
0.516,1,0.000000151908466,0.516,0.5
0.517,1,0.000000162422289,0.517,0.5
0.518,1,0.000000173023395,0.518,0.5
0.519,1,0.000000183709588,0.519,0.5
0.52,1,0.000000194478375,0.52,0.5
0.521,1,0.000000205327304,0.521,0.5
0.522,1,0.000000216253966,0.522,0.5
0.523,1,0.000000227255612,0.523,0.5
0.524,1,0.000000238329527,0.524,0.5
0.525,1,0.000000249472755,0.525,0.5
0.526,1,0.000000260682384,0.526,0.5
0.527,1,0.000000271955329,0.527,0.5
0.528,1,0.000000283288422,0.528,0.5
0.529,1,0.000000294678216,0.529,0.5
0.53,1,0.000000306121557,0.53,0.5
0.531,1,0.00000031761482,0.531,0.5
0.532,1,0.000000329154446,0.532,0.5
0.533,1,0.000000340736726,0.533,0.5
0.534,1,0.000000352357858,0.534,0.5
0.535,1,0.000000364013992,0.535,0.5
0.536,1,0.000000375700978,0.536,0.5
0.537,1,0.000000387414929,0.537,0.5
0.538,1,0.000000399151524,0.538,0.5
0.539,1,0.000000410906537,0.539,0.5
0.54,1,0.000000422675491,0.54,0.5
0.541,1,0.000000434453995,0.541,0.5
0.542,1,0.000000446237472,0.542,0.5
0.543,1,0.000000458021169,0.543,0.5
0.544,1,0.000000469800369,0.544,0.5
0.545,1,0.000000481570133,0.545,0.5
0.546,1,0.000000493325494,0.546,0.5
0.547,1,0.000000505061422,0.547,0.5
0.548,1,0.000000516772566,0.548,0.5
0.549,1,0.000000528453725,0.549,0.5
0.55,1,0.000000540099336,0.55,0.5
0.551,1,0.000000551703842,0.551,0.5
0.552,1,0.00000056326143,0.552,0.5
0.553,1,0.000000574766048,0.553,0.5
0.554,1,0.000000586211691,0.554,0.5
0.555,1,0.000000597591828,0.555,0.5
0.556,1,0.000000608899718,0.556,0.5
0.557,1,0.000000620128368,0.557,0.5
0.558,1,0.000000631270368,0.558,0.5
0.559,1,0.000000642317637,0.559,0.5
0.56,1,0.000000653261608,0.56,0.5
0.561,1,0.000000664092994,0.561,0.5
0.562,1,0.000000674801171,0.562,0.5
0.563,1,0.000000685374765,0.563,0.5
0.564,1,0.000000695800232,0.564,0.5
0.565,1,0.000000706062046,0.565,0.5
0.566,1,0.00000071614167,0.566,0.5
0.567,1,0.000000726016324,0.567,0.5
0.568,1,0.000000735657544,0.568,0.5
0.569,1,0.00000074502848,0.569,0.5
0.57,1,0.000000754079998,0.57,0.5
0.571,1,0.000000762744321,0.571,0.5
0.572,1,0.000000770925404,0.572,0.5
0.573,1,0.000000778484122,0.573,0.5
0.574,1,0.000000785221332,0.574,0.5
0.575,1,0.000000790855822,0.575,0.5
0.576,1,0.0000007952179,0.576,0.5
0.577,1,0.000000798393586,0.577,0.5
0.578,1,0.00000080080784,0.578,0.5
0.579,1,0.000000802872492,0.579,0.5
0.58,1,0.000000804801722,0.58,0.5
0.581,1,0.000000806674421,0.581,0.5
0.582,1,0.000000808514805,0.582,0.5
0.583,1,0.00000081033042,0.583,0.5
0.584,1,0.000000812123702,0.584,0.5
0.585,1,0.00000081389566,0.585,0.5
0.586,1,0.000000815646935,0.586,0.5
0.587,1,0.000000817378059,0.587,0.5
0.588,1,0.000000819089344,0.588,0.5
0.589,1,0.000000820781104,0.589,0.5
0.59,1,0.000000822453565,0.59,0.5
0.591,1,0.000000824106792,0.591,0.5
0.592,1,0.000000825740791,0.592,0.5
0.593,1,0.0000008273555,0.593,0.5
0.594,1,0.000000828950867,0.594,0.5
0.595,1,0.000000830526567,0.595,0.5
0.596,1,0.000000832082314,0.596,0.5
0.597,1,0.000000833617662,0.597,0.5
0.598,1,0.000000835132077,0.598,0.5
0.599,1,0.000000836624814,0.599,0.5
0.6,1,0.000000838094977,0.6,0.5
0.601,1,0.000000839541549,0.601,0.5
0.602,1,0.000000840963203,0.602,0.5
0.603,1,0.00000084235834,0.603,0.5
0.604,1,0.00000084372499,0.604,0.5
0.605,1,0.000000845060683,0.605,0.5
0.606,1,0.000000846362475,0.606,0.5
0.607,1,0.000000847626495,0.607,0.5
0.608,1,0.000000848847833,0.608,0.5
0.609,1,0.000000850020371,0.609,0.5
0.61,1,0.000000851136036,0.61,0.5
0.611,1,0.00000085218457,0.611,0.5
0.612,1,0.000000853153061,0.612,0.5
0.613,1,0.000000854026403,0.613,0.5
0.614,1,0.00000085478964,0.614,0.5
0.615,1,0.000000855432617,0.615,0.5
0.616,1,0.000000855955555,0.616,0.5
0.617,1,0.000000856370661,0.617,0.5
0.618,1,0.000000856697831,0.618,0.5
0.619,1,0.000000856958202,0.619,0.5
0.62,1,0.000000857169333,0.62,0.5
0.621,1,0.000000857344006,0.621,0.5
0.622,1,0.000000857491386,0.622,0.5
0.623,1,0.000000857617749,0.623,0.5
0.624,1,0.00000085772777,0.624,0.5
0.625,1,0.000000857824858,0.625,0.5
0.626,1,0.000000857911431,0.626,0.5
0.627,1,0.000000857989363,0.627,0.5
0.628,1,0.000000858060126,0.628,0.5
0.629,1,0.000000858124778,0.629,0.5
0.63,1,0.000000858184258,0.63,0.5
0.631,1,0.00000085823924,0.631,0.5
0.632,1,0.000000858290278,0.632,0.5
0.633,1,0.000000858337863,0.633,0.5
0.634,1,0.000000858382428,0.634,0.5
0.635,1,0.000000858424215,0.635,0.5
0.636,1,0.000000858463558,0.636,0.5
0.637,1,0.000000858500741,0.637,0.5
0.638,1,0.000000858535863,0.638,0.5
0.639,1,0.000000858569166,0.639,0.5
0.64,1,0.000000858600799,0.64,0.5
0.641,1,0.000000858630905,0.641,0.5
0.642,1,0.00000085865959,0.642,0.5
0.643,1,0.000000858686946,0.643,0.5
0.644,1,0.000000858713094,0.644,0.5
0.645,1,0.000000858738126,0.645,0.5
0.646,1,0.000000858762085,0.646,0.5
0.647,1,0.000000858785043,0.647,0.5
0.648,1,0.000000858807134,0.648,0.5
0.649,1,0.000000858828272,0.649,0.5
0.65,1,0.000000858848665,0.65,0.5
0.651,1,0.000000858868269,0.651,0.5
0.652,1,0.000000858887134,0.652,0.5
0.653,1,0.000000858905302,0.653,0.5
0.654,1,0.000000858922832,0.654,0.5
0.655,1,0.000000858939728,0.655,0.5
0.656,1,0.000000858956042,0.656,0.5
0.657,1,0.000000858971831,0.657,0.5
0.658,1,0.000000858987093,0.658,0.5
0.659,1,0.000000859001801,0.659,0.5
0.66,1,0.000000859016041,0.66,0.5
0.661,1,0.000000859029861,0.661,0.5
0.662,1,0.00000085904324,0.662,0.5
0.663,1,0.000000859056158,0.663,0.5
0.664,1,0.000000859068678,0.664,0.5
0.665,1,0.000000859080792,0.665,0.5
0.666,1,0.000000859092587,0.666,0.5
0.667,1,0.000000859104055,0.667,0.5
0.668,1,0.000000859115133,0.668,0.5
0.669,1,0.000000859125883,0.669,0.5
0.67,1,0.000000859136314,0.67,0.5
0.671,1,0.000000859146503,0.671,0.5
0.672,1,0.000000859156351,0.672,0.5
0.673,1,0.000000859165908,0.673,0.5
0.674,1,0.000000859175209,0.674,0.5
0.675,1,0.000000859184276,0.675,0.5
0.676,1,0.000000859193115,0.676,0.5
0.677,1,0.000000859201656,0.677,0.5
0.678,1,0.000000859209969,0.678,0.5
0.679,1,0.000000859218098,0.679,0.5
0.68,1,0.000000859225999,0.68,0.5
0.681,1,0.000000859233637,0.681,0.5
0.682,1,0.00000085924114,0.682,0.5
0.683,1,0.000000859248424,0.683,0.5
0.684,1,0.000000859255508,0.684,0.5
0.685,1,0.000000859262421,0.685,0.5
0.686,1,0.000000859269136,0.686,0.5
0.687,1,0.000000859275758,0.687,0.5
0.688,1,0.000000859282146,0.688,0.5
0.689,1,0.000000859288356,0.689,0.5
0.69,1,0.000000859294417,0.69,0.5
0.691,1,0.000000859300378,0.691,0.5
0.692,1,0.000000859306155,0.692,0.5
0.693,1,0.000000859311804,0.693,0.5
0.694,1,0.000000859317282,0.694,0.5
0.695,1,0.000000859322675,0.695,0.5
0.696,1,0.000000859327933,0.696,0.5
0.697,1,0.000000859333049,0.697,0.5
0.698,1,0.000000859338044,0.698,0.5
0.699,1,0.000000859342911,0.699,0.5
0.7,1,0.000000859347722,0.7,0.5
0.701,1,0.00000085935234,0.701,0.5
0.702,1,0.000000859356909,0.702,0.5
0.703,1,0.000000859361364,0.703,0.5
0.704,1,0.000000859365706,0.704,0.5
0.705,1,0.000000859369905,0.705,0.5
0.706,1,0.000000859374055,0.706,0.5
0.707,1,0.00000085937809,0.707,0.5
0.708,1,0.000000859382084,0.708,0.5
0.709,1,0.000000859385935,0.709,0.5
0.71,1,0.000000859389694,0.71,0.5
0.711,1,0.00000085939341,0.711,0.5
0.712,1,0.000000859397005,0.712,0.5
0.713,1,0.000000859400529,0.713,0.5
0.714,1,0.000000859403997,0.714,0.5
0.715,1,0.000000859407422,0.715,0.5
0.716,1,0.00000085941069,0.716,0.5
0.717,1,0.000000859413916,0.717,0.5
0.718,1,0.000000859417085,0.718,0.5
0.719,1,0.000000859420197,0.719,0.5
0.72,1,0.00000085942321,0.72,0.5
0.721,1,0.000000859426194,0.721,0.5
0.722,1,0.000000859429122,0.722,0.5
0.723,1,0.000000859431985,0.723,0.5
0.724,1,0.000000859434756,0.724,0.5
0.725,1,0.000000859437471,0.725,0.5
0.726,1,0.000000859440128,0.726,0.5
0.727,1,0.000000859442743,0.727,0.5
0.728,1,0.000000859445301,0.728,0.5
0.729,1,0.000000859447809,0.729,0.5
0.73,1,0.000000859450282,0.73,0.5
0.731,1,0.000000859452705,0.731,0.5
0.732,1,0.000000859455049,0.732,0.5
0.733,1,0.000000859457352,0.733,0.5
0.734,1,0.000000859459597,0.734,0.5
0.735,1,0.000000859461828,0.735,0.5
0.736,1,0.000000859463988,0.736,0.5
0.737,1,0.000000859466148,0.737,0.5
0.738,1,0.000000859468201,0.738,0.5
0.739,1,0.000000859470283,0.739,0.5
0.74,1,0.000000859472273,0.74,0.5
0.741,1,0.000000859474234,0.741,0.5
0.742,1,0.000000859476124,0.742,0.5
0.743,1,0.000000859478043,0.743,0.5
0.744,1,0.00000085947989,0.744,0.5
0.745,1,0.000000859481766,0.745,0.5
0.746,1,0.000000859483514,0.746,0.5
0.747,1,0.000000859485276,0.747,0.5
0.748,1,0.000000859486967,0.748,0.5
0.749,1,0.000000859488672,0.749,0.5
0.75,1,0.000000859490314,0.75,0.5
0.751,1,0.000000859491962,0.751,0.5
0.752,1,0.000000859493547,0.752,0.5
0.753,1,0.000000859495081,0.753,0.5
0.754,1,0.000000859496623,0.754,0.5
0.755,1,0.000000859498137,0.755,0.5
0.756,1,0.000000859499636,0.756,0.5
0.757,1,0.000000859501085,0.757,0.5
0.758,1,0.000000859502478,0.758,0.5
0.759,1,0.000000859503892,0.759,0.5
0.76,1,0.000000859505263,0.76,0.5
0.761,1,0.000000859506599,0.761,0.5
0.762,1,0.000000859507942,0.762,0.5
0.763,1,0.00000085950925,0.763,0.5
0.764,1,0.000000859510514,0.764,0.5
0.765,1,0.000000859511765,0.765,0.5
0.766,1,0.000000859512987,0.766,0.5
0.767,1,0.000000859514188,0.767,0.5
0.768,1,0.000000859515396,0.768,0.5
0.769,1,0.000000859516582,0.769,0.5
0.77,1,0.000000859517698,0.77,0.5
0.771,1,0.000000859518821,0.771,0.5
0.772,1,0.000000859519936,0.772,0.5
0.773,1,0.000000859521023,0.773,0.5
0.774,1,0.000000859522068,0.774,0.5
0.775,1,0.000000859523169,0.775,0.5
0.776,1,0.000000859524171,0.776,0.5
0.777,1,0.000000859525201,0.777,0.5
0.778,1,0.000000859526217,0.778,0.5
0.779,1,0.000000859527184,0.779,0.5
0.78,1,0.000000859528136,0.78,0.5
0.781,1,0.000000859529102,0.781,0.5
0.782,1,0.000000859530005,0.782,0.5
0.783,1,0.00000085953095,0.783,0.5
0.784,1,0.000000859531831,0.784,0.5
0.785,1,0.00000085953274,0.785,0.5
0.786,1,0.000000859533635,0.786,0.5
0.787,1,0.000000859534516,0.787,0.5
0.788,1,0.000000859535334,0.788,0.5
0.789,1,0.000000859536151,0.789,0.5
0.79,1,0.000000859536968,0.79,0.5
0.791,1,0.000000859537799,0.791,0.5
0.792,1,0.000000859538595,0.792,0.5
0.793,1,0.000000859539341,0.793,0.5
0.794,1,0.000000859540137,0.794,0.5
0.795,1,0.000000859540897,0.795,0.5
0.796,1,0.000000859541629,0.796,0.5
0.797,1,0.000000859542368,0.797,0.5
0.798,1,0.0000008595431,0.798,0.5
0.799,1,0.000000859543775,0.799,0.5
0.8,1,0.00000085954445,0.8,0.5
0.801,1,0.000000859545196,0.801,0.5
0.802,1,0.000000859545864,0.802,0.5
0.803,1,0.000000859546532,0.803,0.5
0.804,1,0.000000859547121,0.804,0.5
0.805,1,0.000000859547853,0.805,0.5
0.806,1,0.000000859548472,0.806,0.5
0.807,1,0.000000859549104,0.807,0.5
0.808,1,0.000000859549722,0.808,0.5
0.809,1,0.000000859550312,0.809,0.5
0.81,1,0.000000859550937,0.81,0.5
0.811,1,0.000000859551506,0.811,0.5
0.812,1,0.000000859552074,0.812,0.5
0.813,1,0.000000859552671,0.813,0.5
0.814,1,0.000000859553204,0.814,0.5
0.815,1,0.000000859553808,0.815,0.5
0.816,1,0.000000859554355,0.816,0.5
0.817,1,0.000000859554859,0.817,0.5
0.818,1,0.000000859555421,0.818,0.5
0.819,1,0.000000859555961,0.819,0.5
0.82,1,0.000000859556437,0.82,0.5
0.821,1,0.000000859556962,0.821,0.5
0.822,1,0.00000085955746,0.822,0.5
0.823,1,0.000000859557964,0.823,0.5
0.824,1,0.000000859558419,0.824,0.5
0.825,1,0.000000859558931,0.825,0.5
0.826,1,0.000000859559407,0.826,0.5
0.827,1,0.000000859559933,0.827,0.5
0.828,1,0.000000859560338,0.828,0.5
0.829,1,0.000000859560799,0.829,0.5
0.83,1,0.00000085956124,0.83,0.5
0.831,1,0.000000859561723,0.831,0.5
0.832,1,0.000000859562128,0.832,0.5
0.833,1,0.000000859562583,0.833,0.5
0.834,1,0.000000859563038,0.834,0.5
0.835,1,0.00000085956345,0.835,0.5
0.836,1,0.000000859563826,0.836,0.5
0.837,1,0.000000859564253,0.837,0.5
0.838,1,0.000000859564672,0.838,0.5
0.839,1,0.00000085956507,0.839,0.5
0.84,1,0.000000859565439,0.84,0.5
0.841,1,0.000000859565837,0.841,0.5
0.842,1,0.000000859566207,0.842,0.5
0.843,1,0.000000859566633,0.843,0.5
0.844,1,0.00000085956696,0.844,0.5
0.845,1,0.000000859567358,0.845,0.5
0.846,1,0.000000859567699,0.846,0.5
0.847,1,0.000000859568054,0.847,0.5
0.848,1,0.000000859568459,0.848,0.5
0.849,1,0.000000859568758,0.849,0.5
0.85,1,0.000000859569106,0.85,0.5
0.851,1,0.000000859569468,0.851,0.5
0.852,1,0.000000859569809,0.852,0.5
0.853,1,0.000000859570171,0.853,0.5
0.854,1,0.000000859570434,0.854,0.5
0.855,1,0.000000859570797,0.855,0.5
0.856,1,0.000000859571124,0.856,0.5
0.857,1,0.000000859571422,0.857,0.5
0.858,1,0.000000859571735,0.858,0.5
0.859,1,0.000000859572076,0.859,0.5
0.86,1,0.000000859572346,0.86,0.5
0.861,1,0.000000859572637,0.861,0.5
0.862,1,0.00000085957295,0.862,0.5
0.863,1,0.000000859573298,0.863,0.5
0.864,1,0.000000859573547,0.864,0.5
0.865,1,0.000000859573824,0.865,0.5
0.866,1,0.000000859574129,0.866,0.5
0.867,1,0.000000859574392,0.867,0.5
0.868,1,0.000000859574676,0.868,0.5
0.869,1,0.000000859574961,0.869,0.5
0.87,1,0.000000859575216,0.87,0.5
0.871,1,0.000000859575493,0.871,0.5
0.872,1,0.000000859575742,0.872,0.5
0.873,1,0.000000859576041,0.873,0.5
0.874,1,0.000000859576311,0.874,0.5
0.875,1,0.000000859576517,0.875,0.5
0.876,1,0.00000085957678,0.876,0.5
0.877,1,0.000000859577064,0.877,0.5
0.878,1,0.00000085957732,0.878,0.5
0.879,1,0.00000085957754,0.879,0.5
0.88,1,0.000000859577781,0.88,0.5
0.881,1,0.00000085957803,0.881,0.5
0.882,1,0.00000085957825,0.882,0.5
0.883,1,0.000000859578499,0.883,0.5
0.884,1,0.000000859578734,0.884,0.5
0.885,1,0.000000859578968,0.885,0.5
0.886,1,0.000000859579153,0.886,0.5
0.887,1,0.000000859579401,0.887,0.5
0.888,1,0.000000859579636,0.888,0.5
0.889,1,0.00000085957987,0.889,0.5
0.89,1,0.000000859580076,0.89,0.5
0.891,1,0.00000085958029,0.891,0.5
0.892,1,0.000000859580481,0.892,0.5
0.893,1,0.000000859580695,0.893,0.5
0.894,1,0.000000859580915,0.894,0.5
0.895,1,0.000000859581107,0.895,0.5
0.896,1,0.000000859581306,0.896,0.5
0.897,1,0.000000859581519,0.897,0.5
0.898,1,0.000000859581711,0.898,0.5
0.899,1,0.000000859581959,0.899,0.5
0.9,1,0.000000859582101,0.9,0.5
0.901,1,0.000000859582308,0.901,0.5
0.902,1,0.000000859582492,0.902,0.5
0.903,1,0.000000859582691,0.903,0.5
0.904,1,0.00000085958289,0.904,0.5
0.905,1,0.000000859583082,0.905,0.5
0.906,1,0.000000859583245,0.906,0.5
0.907,1,0.000000859583423,0.907,0.5
0.908,1,0.000000859583636,0.908,0.5
0.909,1,0.000000859583785,0.909,0.5
0.91,1,0.000000859583956,0.91,0.5
0.911,1,0.000000859584134,0.911,0.5
0.912,1,0.000000859584354,0.912,0.5
0.913,1,0.000000859584475,0.913,0.5
0.914,1,0.000000859584652,0.914,0.5
0.915,1,0.00000085958483,0.915,0.5
0.916,1,0.000000859584986,0.916,0.5
0.917,1,0.000000859585157,0.917,0.5
0.918,1,0.000000859585306,0.918,0.5
0.919,1,0.000000859585498,0.919,0.5
0.92,1,0.00000085958564,0.92,0.5
0.921,1,0.000000859585803,0.921,0.5
0.922,1,0.000000859585953,0.922,0.5
0.923,1,0.000000859586123,0.923,0.5
0.924,1,0.000000859586244,0.924,0.5
0.925,1,0.000000859586407,0.925,0.5
0.926,1,0.000000859586578,0.926,0.5
0.927,1,0.000000859586713,0.927,0.5
0.928,1,0.000000859586862,0.928,0.5
0.929,1,0.000000859587026,0.929,0.5
0.93,1,0.000000859587146,0.93,0.5
0.931,1,0.000000859587317,0.931,0.5
0.932,1,0.000000859587445,0.932,0.5
0.933,1,0.000000859587594,0.933,0.5
0.934,1,0.000000859587736,0.934,0.5
0.935,1,0.00000085958785,0.935,0.5
0.936,1,0.000000859587999,0.936,0.5
0.937,1,0.000000859588134,0.937,0.5
0.938,1,0.000000859588262,0.938,0.5
0.939,1,0.000000859588418,0.939,0.5
0.94,1,0.000000859588596,0.94,0.5
0.941,1,0.000000859588688,0.941,0.5
0.942,1,0.000000859588837,0.942,0.5
0.943,1,0.000000859588965,0.943,0.5
0.944,1,0.000000859589072,0.944,0.5
0.945,1,0.000000859589164,0.945,0.5
0.946,1,0.000000859589328,0.946,0.5
0.947,1,0.000000859589477,0.947,0.5
0.948,1,0.000000859589569,0.948,0.5
0.949,1,0.000000859589761,0.949,0.5
0.95,1,0.000000859589818,0.95,0.5
0.951,1,0.000000859589953,0.951,0.5
0.952,1,0.000000859590088,0.952,0.5
0.953,1,0.000000859590202,0.953,0.5
0.954,1,0.000000859590308,0.954,0.5
0.955,1,0.000000859590415,0.955,0.5
0.956,1,0.000000859590507,0.956,0.5
0.957,1,0.000000859590664,0.957,0.5
0.958,1,0.000000859590791,0.958,0.5
0.959,1,0.000000859590855,0.959,0.5
0.96,1,0.000000859590969,0.96,0.5
0.961,1,0.000000859591097,0.961,0.5
0.962,1,0.000000859591253,0.962,0.5
0.963,1,0.000000859591324,0.963,0.5
0.964,1,0.000000859591445,0.964,0.5
0.965,1,0.00000085959158,0.965,0.5
0.966,1,0.000000859591644,0.966,0.5
0.967,1,0.000000859591751,0.967,0.5
0.968,1,0.00000085959185,0.968,0.5
0.969,1,0.000000859591957,0.969,0.5
0.97,1,0.000000859592078,0.97,0.5
0.971,1,0.000000859592198,0.971,0.5
0.972,1,0.000000859592298,0.972,0.5
0.973,1,0.000000859592369,0.973,0.5
0.974,1,0.000000859592504,0.974,0.5
0.975,1,0.00000085959261,0.975,0.5
0.976,1,0.000000859592696,0.976,0.5
0.977,1,0.00000085959276,0.977,0.5
0.978,1,0.000000859592902,0.978,0.5
0.979,1,0.000000859592987,0.979,0.5
0.98,1,0.000000859593101,0.98,0.5
0.981,1,0.000000859593186,0.981,0.5
0.982,1,0.000000859593271,0.982,0.5
0.983,1,0.000000859593371,0.983,0.5
0.984,1,0.000000859593463,0.984,0.5
0.985,1,0.000000859593548,0.985,0.5
0.986,1,0.000000859593591,0.986,0.5
0.987,1,0.000000859593762,0.987,0.5
0.988,1,0.000000859593818,0.988,0.5
0.989,1,0.000000859593904,0.989,0.5
0.99,1,0.000000859593989,0.99,0.5
0.991,1,0.000000859594088,0.991,0.5
0.992,1,0.000000859594174,0.992,0.5
0.993,1,0.000000859594252,0.993,0.5
0.994,1,0.000000859594337,0.994,0.5
0.995,1,0.000000859594451,0.995,0.5
0.996,1,0.000000859594493,0.996,0.5
0.997,1,0.000000859594614,0.997,0.5
0.998,1,0.000000859594685,0.998,0.5
0.999,1,0.00000085959477,0.999,0.5
1,1,0.000000859594827,1,0.5
1.001,1,0.00000085959492,1.001,0.5
1.002,1,0.000000859595005,1.002,0.5
1.003,1,0.000000859595126,1.003,0.5
1.004,1,0.000000859595197,1.004,0.5
1.005,1,0.000000859595247,1.005,0.5
1.006,1,0.00000085959536,1.006,0.5
1.007,1,0.000000859595431,1.007,0.5
1.008,1,0.000000859595517,1.008,0.5
1.009,1,0.000000859595588,1.009,0.5
1.01,1,0.000000859595652,1.01,0.5
1.011,1,0.000000859595744,1.011,0.5
1.012,1,0.000000859595801,1.012,0.5
1.013,1,0.000000859595893,1.013,0.5
1.014,1,0.00000085959595,1.014,0.5
1.015,1,0.000000859596049,1.015,0.5
1.016,1,0.000000859596121,1.016,0.5
1.017,1,0.000000859596213,1.017,0.5
1.018,1,0.000000859596248,1.018,0.5
1.019,1,0.000000859596334,1.019,0.5
1.02,1,0.000000859596391,1.02,0.5
1.021,1,0.000000859596476,1.021,0.5
1.022,1,0.000000859596526,1.022,0.5
1.023,1,0.000000859596632,1.023,0.5
1.024,1,0.000000859596696,1.024,0.5
1.025,1,0.000000859596767,1.025,0.5
1.026,1,0.000000859596803,1.026,0.5
1.027,1,0.000000859596895,1.027,0.5
1.028,1,0.000000859596973,1.028,0.5
1.029,1,0.000000859597037,1.029,0.5
1.03,1,0.000000859597101,1.03,0.5
1.031,1,0.000000859597158,1.031,0.5
1.032,1,0.000000859597243,1.032,0.5
1.033,1,0.000000859597307,1.033,0.5
1.034,1,0.000000859597378,1.034,0.5
1.035,1,0.000000859597435,1.035,0.5
1.036,1,0.000000859597499,1.036,0.5
1.037,1,0.000000859597563,1.037,0.5
1.038,1,0.000000859597648,1.038,0.5
1.039,1,0.000000859597684,1.039,0.5
1.04,1,0.000000859597797,1.04,0.5
1.041,1,0.000000859597812,1.041,0.5
1.042,1,0.000000859597911,1.042,0.5
1.043,1,0.000000859597939,1.043,0.5
1.044,1,0.000000859598039,1.044,0.5
1.045,1,0.000000859598074,1.045,0.5
1.046,1,0.000000859598146,1.046,0.5
1.047,1,0.00000085959821,1.047,0.5
1.048,1,0.000000859598281,1.048,0.5
1.049,1,0.000000859598337,1.049,0.5
1.05,1,0.00000085959838,1.05,0.5
1.051,1,0.000000859598437,1.051,0.5
1.052,1,0.000000859598494,1.052,0.5
1.053,1,0.000000859598558,1.053,0.5
1.054,1,0.000000859598593,1.054,0.5
1.055,1,0.000000859598643,1.055,0.5
1.056,1,0.000000859598771,1.056,0.5
1.057,1,0.000000859598806,1.057,0.5
1.058,1,0.00000085959887,1.058,0.5
1.059,1,0.000000859598906,1.059,0.5
1.06,1,0.000000859598941,1.06,0.5
1.061,1,0.000000859599027,1.061,0.5
1.062,1,0.000000859599069,1.062,0.5
1.063,1,0.000000859599098,1.063,0.5
1.064,1,0.000000859599197,1.064,0.5
1.065,1,0.000000859599204,1.065,0.5
1.066,1,0.000000859599297,1.066,0.5
1.067,1,0.000000859599339,1.067,0.5
1.068,1,0.00000085959941,1.068,0.5
1.069,1,0.000000859599467,1.069,0.5
1.07,1,0.000000859599524,1.07,0.5
1.071,1,0.000000859599567,1.071,0.5
1.072,1,0.000000859599609,1.072,0.5
1.073,1,0.000000859599666,1.073,0.5
1.074,1,0.000000859599744,1.074,0.5
1.075,1,0.000000859599758,1.075,0.5
1.076,1,0.00000085959983,1.076,0.5
1.077,1,0.000000859599872,1.077,0.5
1.078,1,0.000000859599901,1.078,0.5
1.079,1,0.000000859599943,1.079,0.5
1.08,1,0.000000859600028,1.08,0.5
1.081,1,0.000000859600071,1.081,0.5
1.082,1,0.000000859600128,1.082,0.5
1.083,1,0.000000859600171,1.083,0.5
1.084,1,0.000000859600227,1.084,0.5
1.085,1,0.000000859600263,1.085,0.5
1.086,1,0.000000859600327,1.086,0.5
1.087,1,0.000000859600327,1.087,0.5
1.088,1,0.000000859600419,1.088,0.5
1.089,1,0.000000859600469,1.089,0.5
1.09,1,0.000000859600519,1.09,0.5
1.091,1,0.000000859600569,1.091,0.5
1.092,1,0.000000859600625,1.092,0.5
1.093,1,0.000000859600682,1.093,0.5
1.094,1,0.000000859600725,1.094,0.5
1.095,1,0.000000859600746,1.095,0.5
1.096,1,0.000000859600789,1.096,0.5
1.097,1,0.000000859600853,1.097,0.5
1.098,1,0.000000859600888,1.098,0.5
1.099,1,0.000000859600924,1.099,0.5
1.1,1,0.000000859600974,1.1,0.5
1.101,1,0.00000085960103,1.101,0.5
1.102,1,0.000000859601037,1.102,0.5
1.103,1,0.000000859601123,1.103,0.5
1.104,1,0.000000859601172,1.104,0.5
1.105,1,0.000000859601208,1.105,0.5
1.106,1,0.000000859601251,1.106,0.5
1.107,1,0.000000859601315,1.107,0.5
1.108,1,0.00000085960135,1.108,0.5
1.109,1,0.000000859601357,1.109,0.5
1.11,1,0.0000008596014,1.11,0.5
1.111,1,0.000000859601485,1.111,0.5
1.112,1,0.000000859601514,1.112,0.5
1.113,1,0.000000859601542,1.113,0.5
1.114,1,0.000000859601606,1.114,0.5
1.115,1,0.000000859601634,1.115,0.5
1.116,1,0.000000859601698,1.116,0.5
1.117,1,0.000000859601727,1.117,0.5
1.118,1,0.000000859601784,1.118,0.5
1.119,1,0.000000859601805,1.119,0.5
1.12,1,0.00000085960184,1.12,0.5
1.121,1,0.00000085960189,1.121,0.5
1.122,1,0.000000859601911,1.122,0.5
1.123,1,0.000000859601975,1.123,0.5
1.124,1,0.000000859602011,1.124,0.5
1.125,1,0.000000859602004,1.125,0.5
1.126,1,0.000000859602075,1.126,0.5
1.127,1,0.000000859602132,1.127,0.5
1.128,1,0.000000859602189,1.128,0.5
1.129,1,0.000000859602203,1.129,0.5
1.13,1,0.000000859602224,1.13,0.5
1.131,1,0.000000859602274,1.131,0.5
1.132,1,0.000000859602324,1.132,0.5
1.133,1,0.000000859602338,1.133,0.5
1.134,1,0.000000859602416,1.134,0.5
1.135,1,0.000000859602451,1.135,0.5
1.136,1,0.000000859602494,1.136,0.5
1.137,1,0.000000859602508,1.137,0.5
1.138,1,0.000000859602544,1.138,0.5
1.139,1,0.000000859602586,1.139,0.5
1.14,1,0.000000859602601,1.14,0.5
1.141,1,0.000000859602665,1.141,0.5
1.142,1,0.000000859602721,1.142,0.5
1.143,1,0.000000859602721,1.143,0.5
1.144,1,0.000000859602743,1.144,0.5
1.145,1,0.000000859602793,1.145,0.5
1.146,1,0.000000859602849,1.146,0.5
1.147,1,0.000000859602878,1.147,0.5
1.148,1,0.000000859602885,1.148,0.5
1.149,1,0.000000859602956,1.149,0.5
1.15,1,0.000000859602977,1.15,0.5
1.151,1,0.000000859603027,1.151,0.5
1.152,1,0.000000859603041,1.152,0.5
1.153,1,0.00000085960307,1.153,0.5
1.154,1,0.000000859603112,1.154,0.5
1.155,1,0.000000859603141,1.155,0.5
1.156,1,0.000000859603162,1.156,0.5
1.157,1,0.000000859603233,1.157,0.5
1.158,1,0.000000859603261,1.158,0.5
1.159,1,0.00000085960329,1.159,0.5
1.16,1,0.00000085960334,1.16,0.5
1.161,1,0.000000859603389,1.161,0.5
1.162,1,0.000000859603389,1.162,0.5
1.163,1,0.000000859603446,1.163,0.5
1.164,1,0.000000859603446,1.164,0.5
1.165,1,0.000000859603517,1.165,0.5
1.166,1,0.00000085960351,1.166,0.5
1.167,1,0.000000859603553,1.167,0.5
1.168,1,0.000000859603588,1.168,0.5
1.169,1,0.000000859603631,1.169,0.5
1.17,1,0.000000859603681,1.17,0.5
1.171,1,0.000000859603702,1.171,0.5
1.172,1,0.000000859603709,1.172,0.5
1.173,1,0.00000085960373,1.173,0.5
1.174,1,0.000000859603801,1.174,0.5
1.175,1,0.000000859603794,1.175,0.5
1.176,1,0.000000859603858,1.176,0.5
1.177,1,0.000000859603894,1.177,0.5
1.178,1,0.000000859603929,1.178,0.5
1.179,1,0.000000859603972,1.179,0.5
1.18,1,0.000000859603979,1.18,0.5
1.181,1,0.000000859603986,1.181,0.5
1.182,1,0.000000859604043,1.182,0.5
1.183,1,0.000000859604057,1.183,0.5
1.184,1,0.000000859604107,1.184,0.5
1.185,1,0.000000859604128,1.185,0.5
1.186,1,0.000000859604171,1.186,0.5
1.187,1,0.000000859604228,1.187,0.5
1.188,1,0.000000859604249,1.188,0.5
1.189,1,0.000000859604249,1.189,0.5
1.19,1,0.000000859604278,1.19,0.5
1.191,1,0.000000859604292,1.191,0.5
1.192,1,0.000000859604356,1.192,0.5
1.193,1,0.00000085960437,1.193,0.5
1.194,1,0.000000859604391,1.194,0.5
1.195,1,0.000000859604384,1.195,0.5
1.196,1,0.000000859604462,1.196,0.5
1.197,1,0.000000859604498,1.197,0.5
1.198,1,0.000000859604526,1.198,0.5
1.199,1,0.000000859604548,1.199,0.5
1.2,1,0.000000859604555,1.2,0.5
1.201,1,0.000000859604583,1.201,0.5
1.202,1,0.00000085960464,1.202,0.5
1.203,1,0.000000859604683,1.203,0.5
1.204,1,0.000000859604668,1.204,0.5
1.205,1,0.000000859604697,1.205,0.5
1.206,1,0.000000859604718,1.206,0.5
1.207,1,0.000000859604761,1.207,0.5
1.208,1,0.000000859604796,1.208,0.5
1.209,1,0.000000859604853,1.209,0.5
1.21,1,0.000000859604839,1.21,0.5
1.211,1,0.00000085960486,1.211,0.5
1.212,1,0.000000859604889,1.212,0.5
1.213,1,0.000000859604945,1.213,0.5
1.214,1,0.000000859604924,1.214,0.5
1.215,1,0.000000859605002,1.215,0.5
1.216,1,0.000000859605017,1.216,0.5
1.217,1,0.000000859605045,1.217,0.5
1.218,1,0.000000859605038,1.218,0.5
1.219,1,0.000000859605073,1.219,0.5
1.22,1,0.000000859605095,1.22,0.5
1.221,1,0.000000859605116,1.221,0.5
1.222,1,0.00000085960518,1.222,0.5
1.223,1,0.000000859605215,1.223,0.5
1.224,1,0.000000859605194,1.224,0.5
1.225,1,0.00000085960523,1.225,0.5
1.226,1,0.000000859605237,1.226,0.5
1.227,1,0.000000859605272,1.227,0.5
1.228,1,0.000000859605329,1.228,0.5
1.229,1,0.000000859605336,1.229,0.5
1.23,1,0.000000859605365,1.23,0.5
1.231,1,0.000000859605393,1.231,0.5
1.232,1,0.000000859605386,1.232,0.5
1.233,1,0.000000859605422,1.233,0.5
1.234,1,0.000000859605457,1.234,0.5
1.235,1,0.0000008596055,1.235,0.5
1.236,1,0.000000859605493,1.236,0.5
1.237,1,0.000000859605493,1.237,0.5
1.238,1,0.000000859605542,1.238,0.5
1.239,1,0.000000859605592,1.239,0.5
1.24,1,0.00000085960562,1.24,0.5
1.241,1,0.000000859605656,1.241,0.5
1.242,1,0.000000859605663,1.242,0.5
1.243,1,0.000000859605684,1.243,0.5
1.244,1,0.000000859605692,1.244,0.5
1.245,1,0.000000859605706,1.245,0.5
1.246,1,0.000000859605748,1.246,0.5
1.247,1,0.000000859605763,1.247,0.5
1.248,1,0.000000859605798,1.248,0.5
1.249,1,0.000000859605805,1.249,0.5
1.25,1,0.000000859605834,1.25,0.5
1.251,1,0.000000859605898,1.251,0.5
1.252,1,0.000000859605926,1.252,0.5
1.253,1,0.000000859605933,1.253,0.5
1.254,1,0.000000859605926,1.254,0.5
1.255,1,0.000000859605983,1.255,0.5
1.256,1,0.000000859605997,1.256,0.5
1.257,1,0.00000085960599,1.257,0.5
1.258,1,0.000000859606033,1.258,0.5
1.259,1,0.000000859606089,1.259,0.5
1.26,1,0.000000859606089,1.26,0.5
1.261,1,0.000000859606089,1.261,0.5
1.262,1,0.000000859606097,1.262,0.5
1.263,1,0.000000859606146,1.263,0.5
1.264,1,0.000000859606139,1.264,0.5
1.265,1,0.000000859606153,1.265,0.5
1.266,1,0.00000085960621,1.266,0.5
1.267,1,0.000000859606217,1.267,0.5
1.268,1,0.000000859606267,1.268,0.5
1.269,1,0.000000859606295,1.269,0.5
1.27,1,0.00000085960631,1.27,0.5
1.271,1,0.000000859606331,1.271,0.5
1.272,1,0.000000859606367,1.272,0.5
1.273,1,0.000000859606381,1.273,0.5
1.274,1,0.000000859606416,1.274,0.5
1.275,1,0.000000859606374,1.275,0.5
1.276,1,0.000000859606466,1.276,0.5
1.277,1,0.000000859606459,1.277,0.5
1.278,1,0.000000859606494,1.278,0.5
1.279,1,0.00000085960648,1.279,0.5
1.28,1,0.000000859606502,1.28,0.5
1.281,1,0.000000859606537,1.281,0.5
1.282,1,0.000000859606573,1.282,0.5
1.283,1,0.000000859606608,1.283,0.5
1.284,1,0.000000859606622,1.284,0.5
1.285,1,0.000000859606629,1.285,0.5
1.286,1,0.000000859606665,1.286,0.5
1.287,1,0.000000859606637,1.287,0.5
1.288,1,0.000000859606672,1.288,0.5
1.289,1,0.000000859606708,1.289,0.5
1.29,1,0.000000859606686,1.29,0.5
1.291,1,0.000000859606743,1.291,0.5
1.292,1,0.000000859606757,1.292,0.5
1.293,1,0.000000859606779,1.293,0.5
1.294,1,0.000000859606772,1.294,0.5
1.295,1,0.000000859606835,1.295,0.5
1.296,1,0.000000859606821,1.296,0.5
1.297,1,0.000000859606871,1.297,0.5
1.298,1,0.000000859606857,1.298,0.5
1.299,1,0.000000859606871,1.299,0.5
1.3,1,0.000000859606907,1.3,0.5
1.301,1,0.000000859606935,1.301,0.5
1.302,1,0.000000859606935,1.302,0.5
1.303,1,0.000000859606949,1.303,0.5
1.304,1,0.000000859606956,1.304,0.5
1.305,1,0.000000859606999,1.305,0.5
1.306,1,0.000000859607034,1.306,0.5
1.307,1,0.000000859607049,1.307,0.5
1.308,1,0.000000859607063,1.308,0.5
1.309,1,0.000000859607056,1.309,0.5
1.31,1,0.000000859607091,1.31,0.5
1.311,1,0.000000859607113,1.311,0.5
1.312,1,0.000000859607127,1.312,0.5
1.313,1,0.000000859607184,1.313,0.5
1.314,1,0.000000859607212,1.314,0.5
1.315,1,0.000000859607205,1.315,0.5
1.316,1,0.000000859607205,1.316,0.5
1.317,1,0.000000859607226,1.317,0.5
1.318,1,0.00000085960724,1.318,0.5
1.319,1,0.000000859607219,1.319,0.5
1.32,1,0.000000859607283,1.32,0.5
1.321,1,0.000000859607319,1.321,0.5
1.322,1,0.000000859607333,1.322,0.5
1.323,1,0.000000859607333,1.323,0.5
1.324,1,0.000000859607361,1.324,0.5
1.325,1,0.000000859607347,1.325,0.5
1.326,1,0.000000859607376,1.326,0.5
1.327,1,0.000000859607411,1.327,0.5
1.328,1,0.000000859607425,1.328,0.5
1.329,1,0.000000859607447,1.329,0.5
1.33,1,0.000000859607475,1.33,0.5
1.331,1,0.000000859607489,1.331,0.5
1.332,1,0.000000859607503,1.332,0.5
1.333,1,0.000000859607511,1.333,0.5
1.334,1,0.000000859607511,1.334,0.5
1.335,1,0.000000859607532,1.335,0.5
1.336,1,0.00000085960756,1.336,0.5
1.337,1,0.000000859607574,1.337,0.5
1.338,1,0.000000859607603,1.338,0.5
1.339,1,0.000000859607589,1.339,0.5
1.34,1,0.000000859607646,1.34,0.5
1.341,1,0.000000859607638,1.341,0.5
1.342,1,0.000000859607646,1.342,0.5
1.343,1,0.000000859607674,1.343,0.5
1.344,1,0.000000859607717,1.344,0.5
1.345,1,0.000000859607738,1.345,0.5
1.346,1,0.000000859607745,1.346,0.5
1.347,1,0.000000859607752,1.347,0.5
1.348,1,0.000000859607759,1.348,0.5
1.349,1,0.000000859607759,1.349,0.5
1.35,1,0.000000859607781,1.35,0.5
1.351,1,0.000000859607816,1.351,0.5
1.352,1,0.000000859607844,1.352,0.5
1.353,1,0.000000859607866,1.353,0.5
1.354,1,0.000000859607873,1.354,0.5
1.355,1,0.000000859607887,1.355,0.5
1.356,1,0.000000859607901,1.356,0.5
1.357,1,0.000000859607916,1.357,0.5
1.358,1,0.000000859607908,1.358,0.5
1.359,1,0.000000859607979,1.359,0.5
1.36,1,0.000000859607937,1.36,0.5
1.361,1,0.000000859607944,1.361,0.5
1.362,1,0.000000859608001,1.362,0.5
1.363,1,0.000000859608036,1.363,0.5
1.364,1,0.000000859608051,1.364,0.5
1.365,1,0.000000859608008,1.365,0.5
1.366,1,0.000000859608093,1.366,0.5
1.367,1,0.000000859608051,1.367,0.5
1.368,1,0.000000859608093,1.368,0.5
1.369,1,0.000000859608086,1.369,0.5
1.37,1,0.000000859608107,1.37,0.5
1.371,1,0.000000859608114,1.371,0.5
1.372,1,0.000000859608122,1.372,0.5
1.373,1,0.000000859608157,1.373,0.5
1.374,1,0.000000859608178,1.374,0.5
1.375,1,0.000000859608207,1.375,0.5
1.376,1,0.000000859608193,1.376,0.5
1.377,1,0.000000859608214,1.377,0.5
1.378,1,0.000000859608228,1.378,0.5
1.379,1,0.000000859608228,1.379,0.5
1.38,1,0.000000859608278,1.38,0.5
1.381,1,0.000000859608328,1.381,0.5
1.382,1,0.000000859608285,1.382,0.5
1.383,1,0.000000859608292,1.383,0.5
1.384,1,0.000000859608349,1.384,0.5
1.385,1,0.000000859608321,1.385,0.5
1.386,1,0.000000859608342,1.386,0.5
1.387,1,0.000000859608356,1.387,0.5
1.388,1,0.000000859608399,1.388,0.5
1.389,1,0.000000859608406,1.389,0.5
1.39,1,0.000000859608399,1.39,0.5
1.391,1,0.000000859608427,1.391,0.5
1.392,1,0.000000859608463,1.392,0.5
1.393,1,0.000000859608441,1.393,0.5
1.394,1,0.000000859608463,1.394,0.5
1.395,1,0.000000859608456,1.395,0.5
1.396,1,0.000000859608505,1.396,0.5
1.397,1,0.000000859608498,1.397,0.5
1.398,1,0.000000859608498,1.398,0.5
1.399,1,0.000000859608534,1.399,0.5
1.4,1,0.000000859608541,1.4,0.5
1.401,1,0.000000859608555,1.401,0.5
1.402,1,0.000000859608598,1.402,0.5
1.403,1,0.000000859608591,1.403,0.5
1.404,1,0.000000859608605,1.404,0.5
1.405,1,0.000000859608626,1.405,0.5
1.406,1,0.000000859608654,1.406,0.5
1.407,1,0.000000859608633,1.407,0.5
1.408,1,0.000000859608654,1.408,0.5
1.409,1,0.000000859608683,1.409,0.5
1.41,1,0.000000859608683,1.41,0.5
1.411,1,0.000000859608704,1.411,0.5
1.412,1,0.00000085960874,1.412,0.5
1.413,1,0.00000085960874,1.413,0.5
1.414,1,0.000000859608747,1.414,0.5
1.415,1,0.000000859608761,1.415,0.5
1.416,1,0.000000859608761,1.416,0.5
1.417,1,0.000000859608747,1.417,0.5
1.418,1,0.000000859608811,1.418,0.5
1.419,1,0.000000859608811,1.419,0.5
1.42,1,0.000000859608832,1.42,0.5
1.421,1,0.000000859608861,1.421,0.5
1.422,1,0.000000859608889,1.422,0.5
1.423,1,0.000000859608882,1.423,0.5
1.424,1,0.000000859608868,1.424,0.5
1.425,1,0.000000859608875,1.425,0.5
1.426,1,0.00000085960891,1.426,0.5
1.427,1,0.000000859608917,1.427,0.5
1.428,1,0.00000085960896,1.428,0.5
1.429,1,0.00000085960891,1.429,0.5
1.43,1,0.000000859608953,1.43,0.5
1.431,1,0.000000859609003,1.431,0.5
1.432,1,0.000000859608981,1.432,0.5
1.433,1,0.00000085960901,1.433,0.5
1.434,1,0.00000085960901,1.434,0.5
1.435,1,0.000000859609038,1.435,0.5
1.436,1,0.000000859609031,1.436,0.5
1.437,1,0.000000859609031,1.437,0.5
1.438,1,0.000000859609038,1.438,0.5
1.439,1,0.000000859609059,1.439,0.5
1.44,1,0.000000859609088,1.44,0.5
1.441,1,0.000000859609102,1.441,0.5
1.442,1,0.000000859609102,1.442,0.5
1.443,1,0.000000859609116,1.443,0.5
1.444,1,0.000000859609138,1.444,0.5
1.445,1,0.000000859609159,1.445,0.5
1.446,1,0.00000085960918,1.446,0.5
1.447,1,0.00000085960918,1.447,0.5
1.448,1,0.00000085960918,1.448,0.5
1.449,1,0.00000085960918,1.449,0.5
1.45,1,0.000000859609216,1.45,0.5
1.451,1,0.00000085960923,1.451,0.5
1.452,1,0.000000859609223,1.452,0.5
1.453,1,0.000000859609244,1.453,0.5
1.454,1,0.000000859609287,1.454,0.5
1.455,1,0.000000859609294,1.455,0.5
1.456,1,0.00000085960928,1.456,0.5
1.457,1,0.000000859609315,1.457,0.5
1.458,1,0.000000859609294,1.458,0.5
1.459,1,0.000000859609344,1.459,0.5
1.46,1,0.000000859609337,1.46,0.5
1.461,1,0.000000859609344,1.461,0.5
1.462,1,0.000000859609358,1.462,0.5
1.463,1,0.000000859609322,1.463,0.5
1.464,1,0.000000859609379,1.464,0.5
1.465,1,0.000000859609401,1.465,0.5
1.466,1,0.000000859609429,1.466,0.5
1.467,1,0.000000859609386,1.467,0.5
1.468,1,0.000000859609422,1.468,0.5
1.469,1,0.000000859609436,1.469,0.5
1.47,1,0.000000859609436,1.47,0.5
1.471,1,0.000000859609443,1.471,0.5
1.472,1,0.000000859609472,1.472,0.5
1.473,1,0.000000859609457,1.473,0.5
1.474,1,0.0000008596095,1.474,0.5
1.475,1,0.0000008596095,1.475,0.5
1.476,1,0.000000859609507,1.476,0.5
1.477,1,0.000000859609507,1.477,0.5
1.478,1,0.000000859609564,1.478,0.5
1.479,1,0.000000859609536,1.479,0.5
1.48,1,0.000000859609557,1.48,0.5
1.481,1,0.000000859609592,1.481,0.5
1.482,1,0.000000859609571,1.482,0.5
1.483,1,0.000000859609607,1.483,0.5
1.484,1,0.000000859609592,1.484,0.5
1.485,1,0.000000859609592,1.485,0.5
1.486,1,0.000000859609628,1.486,0.5
1.487,1,0.000000859609635,1.487,0.5
1.488,1,0.000000859609621,1.488,0.5
1.489,1,0.000000859609642,1.489,0.5
1.49,1,0.000000859609671,1.49,0.5
1.491,1,0.000000859609671,1.491,0.5
1.492,1,0.000000859609699,1.492,0.5
1.493,1,0.000000859609678,1.493,0.5
1.494,1,0.00000085960972,1.494,0.5
1.495,1,0.000000859609713,1.495,0.5
1.496,1,0.000000859609713,1.496,0.5
1.497,1,0.000000859609699,1.497,0.5
1.498,1,0.000000859609735,1.498,0.5
1.499,1,0.000000859609727,1.499,0.5
1.5,1,0.000000859609749,1.5,0.5
1.501,1,0.000000859609763,1.501,0.5
1.502,1,0.000000859609784,1.502,0.5
1.503,1,0.000000859609806,1.503,0.5
1.504,1,0.000000859609813,1.504,0.5
1.505,1,0.000000859609791,1.505,0.5
1.506,1,0.000000859609841,1.506,0.5
1.507,1,0.000000859609827,1.507,0.5
1.508,1,0.000000859609841,1.508,0.5
1.509,1,0.000000859609834,1.509,0.5
1.51,1,0.000000859609877,1.51,0.5
1.511,1,0.000000859609877,1.511,0.5
1.512,1,0.00000085960987,1.512,0.5
1.513,1,0.000000859609891,1.513,0.5
1.514,1,0.000000859609891,1.514,0.5
1.515,1,0.000000859609919,1.515,0.5
1.516,1,0.000000859609933,1.516,0.5
1.517,1,0.000000859609955,1.517,0.5
1.518,1,0.000000859609955,1.518,0.5
1.519,1,0.000000859609976,1.519,0.5
1.52,1,0.000000859609983,1.52,0.5
1.521,1,0.000000859609997,1.521,0.5
1.522,1,0.000000859609983,1.522,0.5
1.523,1,0.000000859610012,1.523,0.5
1.524,1,0.000000859609983,1.524,0.5
1.525,1,0.000000859610026,1.525,0.5
1.526,1,0.000000859610033,1.526,0.5
1.527,1,0.00000085961004,1.527,0.5
1.528,1,0.00000085961004,1.528,0.5
1.529,1,0.000000859610068,1.529,0.5
1.53,1,0.000000859610061,1.53,0.5
1.531,1,0.000000859610061,1.531,0.5
1.532,1,0.000000859610104,1.532,0.5
1.533,1,0.000000859610125,1.533,0.5
1.534,1,0.00000085961014,1.534,0.5
1.535,1,0.000000859610111,1.535,0.5
1.536,1,0.000000859610125,1.536,0.5
1.537,1,0.000000859610154,1.537,0.5
1.538,1,0.000000859610104,1.538,0.5
1.539,1,0.00000085961014,1.539,0.5
1.54,1,0.00000085961014,1.54,0.5
1.541,1,0.00000085961014,1.541,0.5
1.542,1,0.000000859610196,1.542,0.5
1.543,1,0.000000859610161,1.543,0.5
1.544,1,0.000000859610196,1.544,0.5
1.545,1,0.000000859610218,1.545,0.5
1.546,1,0.000000859610225,1.546,0.5
1.547,1,0.000000859610225,1.547,0.5
1.548,1,0.000000859610253,1.548,0.5
1.549,1,0.000000859610267,1.549,0.5
1.55,1,0.000000859610232,1.55,0.5
1.551,1,0.000000859610253,1.551,0.5
1.552,1,0.000000859610282,1.552,0.5
1.553,1,0.000000859610275,1.553,0.5
1.554,1,0.000000859610282,1.554,0.5
1.555,1,0.000000859610289,1.555,0.5
1.556,1,0.000000859610267,1.556,0.5
1.557,1,0.00000085961031,1.557,0.5
1.558,1,0.000000859610296,1.558,0.5
1.559,1,0.00000085961036,1.559,0.5
1.56,1,0.000000859610374,1.56,0.5
1.561,1,0.000000859610338,1.561,0.5
1.562,1,0.000000859610367,1.562,0.5
1.563,1,0.000000859610374,1.563,0.5
1.564,1,0.00000085961041,1.564,0.5
1.565,1,0.000000859610402,1.565,0.5
1.566,1,0.000000859610417,1.566,0.5
1.567,1,0.000000859610417,1.567,0.5
1.568,1,0.00000085961041,1.568,0.5
1.569,1,0.000000859610417,1.569,0.5
1.57,1,0.000000859610402,1.57,0.5
1.571,1,0.000000859610459,1.571,0.5
1.572,1,0.000000859610452,1.572,0.5
1.573,1,0.000000859610459,1.573,0.5
1.574,1,0.000000859610481,1.574,0.5
1.575,1,0.000000859610459,1.575,0.5
1.576,1,0.000000859610473,1.576,0.5
1.577,1,0.000000859610502,1.577,0.5
1.578,1,0.000000859610502,1.578,0.5
1.579,1,0.000000859610502,1.579,0.5
1.58,1,0.000000859610537,1.58,0.5
1.581,1,0.000000859610537,1.581,0.5
1.582,1,0.00000085961053,1.582,0.5
1.583,1,0.000000859610559,1.583,0.5
1.584,1,0.000000859610559,1.584,0.5
1.585,1,0.000000859610566,1.585,0.5
1.586,1,0.000000859610545,1.586,0.5
1.587,1,0.000000859610559,1.587,0.5
1.588,1,0.00000085961058,1.588,0.5
1.589,1,0.000000859610573,1.589,0.5
1.59,1,0.000000859610594,1.59,0.5
1.591,1,0.000000859610601,1.591,0.5
1.592,1,0.000000859610623,1.592,0.5
1.593,1,0.000000859610601,1.593,0.5
1.594,1,0.000000859610616,1.594,0.5
1.595,1,0.000000859610601,1.595,0.5
1.596,1,0.000000859610637,1.596,0.5
1.597,1,0.000000859610701,1.597,0.5
1.598,1,0.000000859610665,1.598,0.5
1.599,1,0.000000859610637,1.599,0.5
1.6,1,0.000000859610665,1.6,0.5
1.601,1,0.000000859610658,1.601,0.5
1.602,1,0.000000859610665,1.602,0.5
1.603,1,0.000000859610701,1.603,0.5
1.604,1,0.000000859610722,1.604,0.5
1.605,1,0.000000859610715,1.605,0.5
1.606,1,0.000000859610729,1.606,0.5
1.607,1,0.000000859610715,1.607,0.5
1.608,1,0.000000859610736,1.608,0.5
1.609,1,0.000000859610708,1.609,0.5
1.61,1,0.000000859610758,1.61,0.5
1.611,1,0.000000859610779,1.611,0.5
1.612,1,0.000000859610772,1.612,0.5
1.613,1,0.000000859610779,1.613,0.5
1.614,1,0.000000859610793,1.614,0.5
1.615,1,0.000000859610793,1.615,0.5
1.616,1,0.000000859610807,1.616,0.5
1.617,1,0.000000859610836,1.617,0.5
1.618,1,0.000000859610857,1.618,0.5
1.619,1,0.000000859610793,1.619,0.5
1.62,1,0.000000859610843,1.62,0.5
1.621,1,0.00000085961085,1.621,0.5
1.622,1,0.000000859610843,1.622,0.5
1.623,1,0.000000859610857,1.623,0.5
1.624,1,0.000000859610871,1.624,0.5
1.625,1,0.000000859610857,1.625,0.5
1.626,1,0.000000859610907,1.626,0.5
1.627,1,0.000000859610886,1.627,0.5
1.628,1,0.000000859610907,1.628,0.5
1.629,1,0.000000859610921,1.629,0.5
1.63,1,0.000000859610886,1.63,0.5
1.631,1,0.000000859610907,1.631,0.5
1.632,1,0.000000859610907,1.632,0.5
1.633,1,0.000000859610935,1.633,0.5
1.634,1,0.00000085961095,1.634,0.5
1.635,1,0.00000085961095,1.635,0.5
1.636,1,0.000000859610971,1.636,0.5
1.637,1,0.000000859610978,1.637,0.5
1.638,1,0.000000859610999,1.638,0.5
1.639,1,0.000000859610957,1.639,0.5
1.64,1,0.000000859610978,1.64,0.5
1.641,1,0.000000859610999,1.641,0.5
1.642,1,0.000000859610992,1.642,0.5
1.643,1,0.000000859611021,1.643,0.5
1.644,1,0.000000859610971,1.644,0.5
1.645,1,0.000000859611035,1.645,0.5
1.646,1,0.000000859610999,1.646,0.5
1.647,1,0.000000859611021,1.647,0.5
1.648,1,0.000000859611021,1.648,0.5
1.649,1,0.000000859611056,1.649,0.5
1.65,1,0.000000859611077,1.65,0.5
1.651,1,0.000000859611063,1.651,0.5
1.652,1,0.00000085961107,1.652,0.5
1.653,1,0.000000859611077,1.653,0.5
1.654,1,0.000000859611106,1.654,0.5
1.655,1,0.000000859611106,1.655,0.5
1.656,1,0.000000859611099,1.656,0.5
1.657,1,0.000000859611106,1.657,0.5
1.658,1,0.000000859611127,1.658,0.5
1.659,1,0.000000859611141,1.659,0.5
1.66,1,0.000000859611134,1.66,0.5
1.661,1,0.000000859611127,1.661,0.5
1.662,1,0.000000859611141,1.662,0.5
1.663,1,0.000000859611134,1.663,0.5
1.664,1,0.000000859611163,1.664,0.5
1.665,1,0.000000859611163,1.665,0.5
1.666,1,0.000000859611141,1.666,0.5
1.667,1,0.00000085961117,1.667,0.5
1.668,1,0.000000859611177,1.668,0.5
1.669,1,0.000000859611163,1.669,0.5
1.67,1,0.000000859611184,1.67,0.5
1.671,1,0.000000859611198,1.671,0.5
1.672,1,0.000000859611198,1.672,0.5
1.673,1,0.000000859611191,1.673,0.5
1.674,1,0.000000859611227,1.674,0.5
1.675,1,0.000000859611241,1.675,0.5
1.676,1,0.000000859611227,1.676,0.5
1.677,1,0.000000859611248,1.677,0.5
1.678,1,0.000000859611255,1.678,0.5
1.679,1,0.000000859611248,1.679,0.5
1.68,1,0.000000859611283,1.68,0.5
1.681,1,0.000000859611262,1.681,0.5
1.682,1,0.000000859611262,1.682,0.5
1.683,1,0.000000859611291,1.683,0.5
1.684,1,0.000000859611283,1.684,0.5
1.685,1,0.000000859611291,1.685,0.5
1.686,1,0.000000859611312,1.686,0.5
1.687,1,0.000000859611283,1.687,0.5
1.688,1,0.000000859611319,1.688,0.5
1.689,1,0.000000859611312,1.689,0.5
1.69,1,0.000000859611312,1.69,0.5
1.691,1,0.000000859611326,1.691,0.5
1.692,1,0.000000859611319,1.692,0.5
1.693,1,0.000000859611347,1.693,0.5
1.694,1,0.000000859611347,1.694,0.5
1.695,1,0.000000859611347,1.695,0.5
1.696,1,0.000000859611362,1.696,0.5
1.697,1,0.000000859611347,1.697,0.5
1.698,1,0.000000859611376,1.698,0.5
1.699,1,0.000000859611369,1.699,0.5
1.7,1,0.000000859611362,1.7,0.5
1.701,1,0.00000085961139,1.701,0.5
1.702,1,0.000000859611404,1.702,0.5
1.703,1,0.000000859611404,1.703,0.5
1.704,1,0.000000859611418,1.704,0.5
1.705,1,0.000000859611418,1.705,0.5
1.706,1,0.000000859611411,1.706,0.5
1.707,1,0.000000859611426,1.707,0.5
1.708,1,0.000000859611418,1.708,0.5
1.709,1,0.00000085961144,1.709,0.5
1.71,1,0.000000859611482,1.71,0.5
1.711,1,0.000000859611454,1.711,0.5
1.712,1,0.000000859611454,1.712,0.5
1.713,1,0.000000859611447,1.713,0.5
1.714,1,0.000000859611468,1.714,0.5
1.715,1,0.00000085961144,1.715,0.5
1.716,1,0.000000859611482,1.716,0.5
1.717,1,0.000000859611475,1.717,0.5
1.718,1,0.000000859611511,1.718,0.5
1.719,1,0.000000859611518,1.719,0.5
1.72,1,0.00000085961149,1.72,0.5
1.721,1,0.000000859611504,1.721,0.5
1.722,1,0.000000859611532,1.722,0.5
1.723,1,0.000000859611511,1.723,0.5
1.724,1,0.000000859611539,1.724,0.5
1.725,1,0.000000859611539,1.725,0.5
1.726,1,0.000000859611575,1.726,0.5
1.727,1,0.000000859611546,1.727,0.5
1.728,1,0.000000859611568,1.728,0.5
1.729,1,0.000000859611561,1.729,0.5
1.73,1,0.000000859611596,1.73,0.5
1.731,1,0.000000859611568,1.731,0.5
1.732,1,0.000000859611568,1.732,0.5
1.733,1,0.00000085961161,1.733,0.5
1.734,1,0.000000859611646,1.734,0.5
1.735,1,0.000000859611632,1.735,0.5
1.736,1,0.000000859611625,1.736,0.5
1.737,1,0.000000859611639,1.737,0.5
1.738,1,0.000000859611625,1.738,0.5
1.739,1,0.000000859611646,1.739,0.5
1.74,1,0.000000859611646,1.74,0.5
1.741,1,0.000000859611646,1.741,0.5
1.742,1,0.00000085961166,1.742,0.5
1.743,1,0.000000859611667,1.743,0.5
1.744,1,0.000000859611646,1.744,0.5
1.745,1,0.000000859611681,1.745,0.5
1.746,1,0.000000859611674,1.746,0.5
1.747,1,0.000000859611688,1.747,0.5
1.748,1,0.000000859611674,1.748,0.5
1.749,1,0.00000085961166,1.749,0.5
1.75,1,0.000000859611696,1.75,0.5
1.751,1,0.000000859611724,1.751,0.5
1.752,1,0.000000859611653,1.752,0.5
1.753,1,0.000000859611703,1.753,0.5
1.754,1,0.000000859611688,1.754,0.5
1.755,1,0.000000859611703,1.755,0.5
1.756,1,0.000000859611717,1.756,0.5
1.757,1,0.000000859611703,1.757,0.5
1.758,1,0.000000859611738,1.758,0.5
1.759,1,0.000000859611738,1.759,0.5
1.76,1,0.000000859611752,1.76,0.5
1.761,1,0.00000085961176,1.761,0.5
1.762,1,0.000000859611752,1.762,0.5
1.763,1,0.00000085961176,1.763,0.5
1.764,1,0.000000859611802,1.764,0.5
1.765,1,0.000000859611824,1.765,0.5
1.766,1,0.000000859611781,1.766,0.5
1.767,1,0.000000859611795,1.767,0.5
1.768,1,0.000000859611795,1.768,0.5
1.769,1,0.000000859611816,1.769,0.5
1.77,1,0.000000859611788,1.77,0.5
1.771,1,0.000000859611831,1.771,0.5
1.772,1,0.000000859611816,1.772,0.5
1.773,1,0.000000859611831,1.773,0.5
1.774,1,0.000000859611831,1.774,0.5
1.775,1,0.000000859611824,1.775,0.5
1.776,1,0.000000859611859,1.776,0.5
1.777,1,0.000000859611845,1.777,0.5
1.778,1,0.000000859611845,1.778,0.5
1.779,1,0.000000859611831,1.779,0.5
1.78,1,0.000000859611866,1.78,0.5
1.781,1,0.000000859611852,1.781,0.5
1.782,1,0.000000859611852,1.782,0.5
1.783,1,0.000000859611895,1.783,0.5
1.784,1,0.000000859611866,1.784,0.5
1.785,1,0.000000859611873,1.785,0.5
1.786,1,0.000000859611873,1.786,0.5
1.787,1,0.000000859611887,1.787,0.5
1.788,1,0.000000859611866,1.788,0.5
1.789,1,0.000000859611923,1.789,0.5
1.79,1,0.000000859611923,1.79,0.5
1.791,1,0.000000859611937,1.791,0.5
1.792,1,0.000000859611923,1.792,0.5
1.793,1,0.000000859611951,1.793,0.5
1.794,1,0.000000859611944,1.794,0.5
1.795,1,0.000000859611959,1.795,0.5
1.796,1,0.000000859611944,1.796,0.5
1.797,1,0.000000859611909,1.797,0.5
1.798,1,0.000000859611951,1.798,0.5
1.799,1,0.000000859611959,1.799,0.5
1.8,1,0.00000085961198,1.8,0.5
